Order,Issue Key,Summary,Description,Story Points,Epic Link,Acceptance Criteria
1,US01,Navegar de forma intuitiva en la landing page,"Como visitante de Triple B, deseo que la landing page tenga una barra de navegación clara y accesible para encontrar fácilmente las secciones importantes.",3,EP01,"Escenario 1: Dado que un visitante está en la landing page, cuando consulta el menú de navegación, entonces el sistema muestra las secciones principales del sitio. | Escenario 2: Dado que un visitante navega por la página, cuando cambia de sección, entonces el sistema indica la sección activa."
2,US64,Acceder al registro de estudiante desde la landing,"Como visitante del segmento estudiante, deseo un llamado a la acción dirigido a estudiantes en la landing page para registrarme directamente como freelancer en la aplicación web.",2,EP01,"Escenario 1: Dado que un visitante consulta la sección para estudiantes, cuando selecciona el llamado a la acción de registro, entonces el sistema lo dirige a la vista de registro de estudiante de la aplicación web. | Escenario 2: Dado que el visitante navega desde un dispositivo móvil, cuando selecciona el llamado a la acción, entonces el sistema le ofrece también el enlace de descarga de la aplicación móvil."
3,US65,Acceder a publicar una oferta desde la landing,"Como visitante del segmento empleador, deseo un llamado a la acción dirigido a empleadores en la landing page para publicar mi primera oferta sin buscar la opción.",2,EP01,"Escenario 1: Dado que un visitante consulta la sección para empleadores, cuando selecciona el llamado a la acción, entonces el sistema lo dirige al registro de empleador y, tras registrarse, a la publicación de oferta. | Escenario 2: Dado que el visitante ya tiene sesión iniciada como empleador, cuando selecciona el llamado a la acción, entonces el sistema lo dirige directamente a la publicación de oferta."
4,US02,Acceder rápidamente a funcionalidades clave,"Como visitante, deseo acceder desde la landing page a secciones clave como publicar proyecto o registrarme para actuar rápidamente.",3,EP01,"Escenario 1: Dado que un visitante está en la landing page, cuando busca acciones principales, entonces el sistema muestra accesos visibles a funcionalidades clave. | Escenario 2: Dado que un visitante selecciona una acción principal, cuando solicita registrarse o publicar un proyecto, entonces el sistema lo dirige al flujo correspondiente."
5,US08,Conocer los beneficios de Triple B,"Como visitante, deseo conocer los beneficios de usar Triple B para entender por qué debería utilizar la plataforma.",1,EP01,"Escenario 1: Dado que un visitante accede a la sección de información, cuando consulta los beneficios, entonces el sistema presenta los principales beneficios de la plataforma. | Escenario 2: Dado que selecciona un beneficio, cuando solicita ampliación, entonces recibe más información explicativa."
6,US09,Conocer diferencias entre roles,"Como visitante, deseo saber las diferencias entre registrarme como freelancer o cliente para elegir el rol adecuado.",3,EP01,"Escenario 1: Dado que un visitante revisa la sección de roles, cuando consulta la información, entonces el sistema muestra comparaciones claras. | Escenario 2: Dado que el visitante selecciona un rol, cuando consulta más detalles, entonces el sistema muestra información específica del flujo de ese rol."
7,US11,Conocer tipos de servicios disponibles,"Como visitante, deseo conocer los tipos de servicios que puedo contratar o brindar en Triple B para decidir si la plataforma responde a mi necesidad.",5,EP01,"Escenario 1: Dado que un visitante consulta la sección de tipos de servicios, cuando selecciona uno, entonces el sistema muestra su descripción. | Escenario 2: Dado que desea más información, cuando selecciona detalles, entonces el sistema presenta casos prácticos y ejemplos."
8,US10,Ver experiencias de otros usuarios,"Como visitante, deseo ver testimonios de usuarios anteriores para confiar en la plataforma.",5,EP01,"Escenario 1: Dado que un visitante accede a la sección de experiencias, cuando visualiza testimonios, entonces el sistema muestra nombre, rol y comentario. | Escenario 2: Dado que solicita ver más testimonios, cuando el sistema detecta la acción, entonces muestra más experiencias registradas."
9,US12,Acceder a preguntas frecuentes,"Como visitante, deseo ver una sección de preguntas frecuentes para resolver dudas comunes sin ayuda externa.",3,EP01,"Escenario 1: Dado que un visitante accede a FAQ, cuando consulta las preguntas, entonces el sistema muestra un listado con respuestas. | Escenario 2: Dado que selecciona una pregunta, cuando visualiza o cierra la respuesta, entonces el sistema muestra u oculta la información según corresponda."
10,US15,Crear perfil freelance,"Como estudiante, deseo crear mi perfil freelance con mi nombre, carrera y universidad para que los clientes conozcan mi identidad profesional.",5,EP03,"Escenario 1: Dado que un estudiante proporciona nombre, carrera y universidad válidos, cuando solicita crear su perfil, entonces el sistema registra el perfil y lo deja disponible. | Escenario 2: Dado que el estudiante omite la carrera o la universidad, cuando solicita crear el perfil, entonces el sistema rechaza el registro e indica los campos obligatorios."
11,US63,Verificar la condición de estudiante,"Como estudiante, deseo verificar mi condición de estudiante universitario con mi correo institucional para que los empleadores confíen en mi perfil.",5,EP03,"Escenario 1: Dado que el estudiante registra un correo con dominio de una universidad reconocida, cuando ingresa el código enviado a ese correo, entonces el sistema marca su perfil como verificado. | Escenario 2: Dado que el dominio del correo no corresponde a una universidad reconocida, cuando solicita la verificación, entonces el sistema le permite adjuntar una constancia de matrícula para revisión del administrador."
12,US16,Añadir habilidades y descripción personal,"Como freelancer, deseo añadir habilidades y una descripción personal para destacar mis fortalezas.",3,EP03,"Escenario 1: Dado que un freelancer edita su perfil, cuando añade habilidades y descripción válida, entonces el sistema almacena la información. | Escenario 2: Dado que el freelancer actualiza sus habilidades, cuando consulta su perfil público, entonces el sistema muestra la información actualizada."
13,TS09,Endpoint del CV maestro,"Como developer, deseo implementar el endpoint PUT /api/v1/students/{studentId}/master-cv del Profiles & Reputation Service para registrar el CV maestro que usa el Agente IA.",3,EP04,"Escenario 1: Dado que el estudiante envía un CV en formato PDF de hasta 5 MB, cuando se procesa la solicitud, entonces la API responde 200 OK con la nueva versión del CV y publica MasterCvUpdated. | Escenario 2: Dado que el archivo no es PDF o supera 5 MB, cuando se procesa la solicitud, entonces la API responde 422 Unprocessable Entity con el detalle del error."
14,US57,Publicar oferta o puesto de practicante,"Como empleador, deseo publicar una oferta de trabajo o un puesto de practicante con habilidades requeridas, modalidad y presupuesto para recibir postulaciones de estudiantes compatibles.",5,EP14,"Escenario 1: Dado que un empleador verificado completa título, descripción, habilidades requeridas, modalidad y presupuesto o subvención, cuando publica la oferta, entonces el sistema la registra como publicada y la deja disponible para el Agente IA. | Escenario 2: Dado que falta un campo obligatorio, cuando el empleador intenta publicar, entonces el sistema rechaza la publicación e indica los campos faltantes. | Escenario 3: Dado que el empleador aún no está verificado, cuando intenta publicar, entonces el sistema guarda la oferta como borrador e informa los pasos de verificación."
15,TS01,Endpoint para publicar ofertas,"Como developer, deseo implementar el endpoint POST /api/v1/job-offers del Marketplace Service para que la aplicación web publique ofertas de empleadores.",3,EP14,"Escenario 1: Dado que el developer envía una oferta válida con el token de un empleador verificado, cuando se procesa POST /api/v1/job-offers, entonces la API responde 201 Created con el identificador de la oferta y publica el evento JobOfferPublished. | Escenario 2: Dado que el cuerpo omite título, modalidad o habilidades requeridas, cuando se procesa la solicitud, entonces la API responde 400 Bad Request con el detalle de validación. | Escenario 3: Dado que el token pertenece a un estudiante, cuando se procesa la solicitud, entonces la API responde 403 Forbidden."
16,SP09,"Evaluación de modelos, costos y riesgos del Agente IA","Como equipo de desarrollo, deseo evaluar modelos generativos y de embeddings de Vertex AI, su costo por postulación y sus riesgos (alucinaciones e inyección de instrucciones) para seleccionar la configuración del Agente IA.",3,EP13,"Escenario 1: Dado que se prueban al menos dos modelos con un conjunto de 30 pares CV-oferta etiquetados por el equipo, cuando se comparan la precisión del match y el costo, entonces se documenta la recomendación con el costo estimado por postulación. | Escenario 2: Dado que se incluyen ofertas con instrucciones maliciosas en su texto, cuando el prototipo las procesa, entonces se documentan las mitigaciones necesarias y su efectividad."
17,US59,Configurar el mandato y nivel de autonomía del Agente IA,"Como estudiante, deseo aceptar un consentimiento explícito y configurar el nivel de autonomía, el umbral de compatibilidad, el límite diario y las categorías del Agente IA para decidir cuánto control delego.",5,EP13,"Escenario 1: Dado que el estudiante acepta el consentimiento de uso de sus datos, cuando registra el nivel de autonomía, umbral, límite diario y categorías, entonces el sistema activa el mandato con esa configuración. | Escenario 2: Dado que el estudiante no acepta el consentimiento, cuando intenta activar el Agente IA, entonces el sistema no activa el mandato. | Escenario 3: Dado que el estudiante no elige un nivel de autonomía, cuando activa el mandato, entonces el sistema aplica el nivel Asistido, en el que ninguna postulación se envía sin su aprobación."
18,TS03,Endpoint del mandato del Agente IA,"Como developer, deseo implementar el endpoint PUT /api/v1/agent/mandates/{studentId} del AI Agent Service para registrar el consentimiento y la configuración del agente.",3,EP13,"Escenario 1: Dado que el cuerpo incluye consentAccepted=true, autonomyLevel, threshold entre 0 y 100 y dailyLimit entre 1 y 10, cuando se procesa la solicitud del propio estudiante, entonces la API responde 200 OK con el mandato vigente y publica AgentMandateGranted. | Escenario 2: Dado que consentAccepted es false, cuando se procesa la solicitud, entonces la API responde 422 Unprocessable Entity. | Escenario 3: Dado que el token pertenece a otro usuario, cuando se procesa la solicitud, entonces la API responde 403 Forbidden."
19,US51,Búsqueda autónoma de proyectos,"Como estudiante, deseo que el Agente IA revise continuamente las ofertas publicadas en Triple B y me recomiende las compatibles con mi perfil, carrera y disponibilidad para no tener que buscarlas manualmente.",8,EP13,"Escenario 1: Dado que el estudiante tiene un mandato activo y se publica una oferta cuyo match score es mayor o igual a su umbral, cuando el Agente IA procesa la oferta, entonces la añade a sus oportunidades recomendadas con el puntaje y las razones del match. | Escenario 2: Dado que una oferta obtiene un match score menor al umbral del estudiante, cuando el Agente IA la procesa, entonces no la recomienda ni genera una notificación. | Escenario 3: Dado que el estudiante excluyó una categoría en su mandato, cuando se publica una oferta de esa categoría, entonces el Agente IA no la evalúa para él."
20,TS04,Endpoint de oportunidades recomendadas,"Como developer, deseo implementar el endpoint GET /api/v1/agent/students/{studentId}/matches para que las aplicaciones muestren las recomendaciones del Agente IA.",5,EP13,"Escenario 1: Dado que el estudiante tiene recomendaciones, cuando se procesa la solicitud, entonces la API responde 200 OK con jobOfferId, matchScore y reasons ordenados por matchScore descendente. | Escenario 2: Dado que el estudiante no tiene recomendaciones, cuando se procesa la solicitud, entonces la API responde 200 OK con una lista vacía. | Escenario 3: Dado que el estudiante no existe, cuando se procesa la solicitud, entonces la API responde 404 Not Found."
21,US61,Consultar la explicación del match,"Como estudiante o empleador, deseo ver las razones por las que el Agente IA considera compatible una oferta o un candidato para confiar en sus recomendaciones.",3,EP13,"Escenario 1: Dado que existe una recomendación, cuando el usuario solicita su explicación, entonces el sistema muestra el match score y las habilidades, experiencias y condiciones que lo sustentan. | Escenario 2: Dado que una habilidad requerida no está en el perfil del estudiante, cuando se muestra la explicación, entonces el sistema la identifica como brecha."
22,US52,Adaptación automática del CV,"Como estudiante, deseo que el Agente IA adapte mi CV a cada oportunidad resaltando únicamente información verificada de mi CV maestro para aumentar mis probabilidades de éxito sin faltar a la verdad.",8,EP13,"Escenario 1: Dado que el Agente IA prepara una postulación, cuando genera el CV adaptado, entonces reordena y resalta únicamente logros, cursos y habilidades existentes en el CV maestro del estudiante. | Escenario 2: Dado que el CV adaptado contiene una afirmación que no existe en el CV maestro, cuando el sistema valida el documento, entonces lo rechaza y genera una nueva versión sin esa afirmación. | Escenario 3: Dado que un CV fue adaptado, cuando el estudiante consulta la postulación, entonces visualiza las diferencias entre su CV maestro y la versión adaptada."
23,US60,Aprobar o editar la postulación preparada,"Como estudiante, deseo revisar, editar, aprobar o rechazar cada postulación preparada por el Agente IA para que ninguna se envíe sin mi conformidad en el modo Asistido.",5,EP13,"Escenario 1: Dado que el Agente IA preparó un borrador de postulación, cuando el estudiante lo aprueba, entonces el sistema envía la postulación al empleador identificada como asistida por IA. | Escenario 2: Dado que el estudiante rechaza el borrador indicando un motivo, cuando el sistema registra el rechazo, entonces descarta el borrador y el Agente IA ajusta sus preferencias de recomendación. | Escenario 3: Dado que el estudiante edita el CV adaptado, cuando confirma los cambios, entonces el sistema valida que el contenido corresponda al CV maestro antes de enviarlo."
24,TS05,Endpoint de aprobación de borradores,"Como developer, deseo implementar el endpoint POST /api/v1/agent/application-drafts/{draftId}/approval para que el estudiante apruebe las postulaciones preparadas por el agente.",3,EP13,"Escenario 1: Dado que el borrador está pendiente y la oferta sigue abierta, cuando el estudiante envía la aprobación, entonces la API responde 202 Accepted y publica ApplicationDraftApproved. | Escenario 2: Dado que la oferta fue cerrada, cuando se procesa la aprobación, entonces la API responde 409 Conflict indicando que la oferta ya no recibe postulaciones. | Escenario 3: Dado que el borrador ya fue aprobado o descartado, cuando se procesa la solicitud, entonces la API responde 409 Conflict."
25,TS06,Endpoint de registro de postulaciones,"Como developer, deseo implementar el endpoint POST /api/v1/applications del Hiring & Engagements Service para registrar postulaciones enviadas por el estudiante o por el Agente IA.",3,EP13,"Escenario 1: Dado que la oferta está abierta y el estudiante no ha postulado antes, cuando se procesa la solicitud, entonces la API responde 201 Created con estado SUBMITTED y el origen STUDENT o AI_AGENT. | Escenario 2: Dado que ya existe una postulación del estudiante a la misma oferta, cuando se procesa la solicitud, entonces la API responde 409 Conflict. | Escenario 3: Dado que la oferta está cerrada, cuando se procesa la solicitud, entonces la API responde 422 Unprocessable Entity."
26,US53,Postulación autónoma bajo mandato,"Como estudiante, deseo autorizar al Agente IA, mediante un mandato con umbral y límite diario, a enviar postulaciones en mi nombre a oportunidades altamente compatibles para no perder tiempo en procesos manuales.",5,EP13,"Escenario 1: Dado que el estudiante activó el modo autónomo con umbral de 85 y límite de 5 postulaciones diarias, cuando el Agente IA prepara una postulación con match score mayor o igual a 85 y no se alcanzó el límite, entonces la envía y la registra en el historial del agente. | Escenario 2: Dado que se alcanzó el límite diario, cuando el Agente IA prepara una nueva postulación, entonces la deja pendiente de aprobación del estudiante. | Escenario 3: Dado que el Agente IA envió una postulación, cuando esta se registra, entonces el estudiante recibe una notificación con la opción de retirarla."
27,US56,Seguimiento de estado y notificaciones del Agente IA,"Como estudiante o empleador, deseo un panel donde el Agente IA me informe el estado de las postulaciones y las próximas entrevistas para mantener el control sobre sus acciones.",5,EP13,"Escenario 1: Dado que el Agente IA realizó acciones, cuando el usuario consulta su panel, entonces visualiza las postulaciones enviadas, las pendientes de aprobación y las entrevistas programadas. | Escenario 2: Dado que el estudiante solicita pausar al Agente IA, cuando el sistema procesa la solicitud, entonces el agente deja de evaluar ofertas y de enviar postulaciones y conserva las ya enviadas."
28,US54,Filtrado inteligente de candidatos,"Como empleador, deseo que el Agente IA ordene las postulaciones recibidas y me presente a los candidatos más compatibles con sus razones para ahorrar tiempo en la revisión.",8,EP13,"Escenario 1: Dado que una oferta recibió 50 postulaciones, cuando el empleador solicita la preselección, entonces el sistema presenta los 5 candidatos con mayor match score junto con las razones de cada puntaje. | Escenario 2: Dado que el empleador revisa la preselección, cuando solicita ver al resto de candidatos, entonces el sistema muestra todas las postulaciones ordenadas por compatibilidad. | Escenario 3: Dado que el Agente IA calcula el ranking, cuando evalúa a los candidatos, entonces no utiliza atributos personales como sexo, edad, fotografía o distrito de residencia."
29,TS07,Endpoint de preselección de candidatos,"Como developer, deseo implementar el endpoint GET /api/v1/job-offers/{jobOfferId}/shortlist para que el empleador obtenga la preselección del Agente IA.",3,EP13,"Escenario 1: Dado que el empleador es dueño de la oferta, cuando se procesa GET /api/v1/job-offers/{jobOfferId}/shortlist?top=5, entonces la API responde 200 OK con los candidatos, su matchScore y reasons, sin atributos personales sensibles. | Escenario 2: Dado que el empleador no es dueño de la oferta, cuando se procesa la solicitud, entonces la API responde 403 Forbidden."
30,US55,Agendamiento automático de entrevistas,"Como estudiante o empleador, deseo que el Agente IA proponga fechas de entrevista según la disponibilidad de ambas partes para evitar el intercambio manual de mensajes.",8,EP13,"Escenario 1: Dado que el empleador solicita entrevistar a un candidato preseleccionado y ambos tienen su calendario conectado, cuando el Agente IA procesa la solicitud, entonces propone al menos tres franjas comunes y, al confirmarse una, se envía la invitación a ambas partes. | Escenario 2: Dado que el estudiante rechaza las franjas propuestas, cuando registra el rechazo, entonces el Agente IA propone nuevas franjas. | Escenario 3: Dado que una de las partes no tiene calendario conectado, cuando se solicita la entrevista, entonces el sistema le solicita registrar su disponibilidad manualmente."
31,TS08,Endpoint de solicitud de entrevistas,"Como developer, deseo implementar el endpoint POST /api/v1/interviews del Hiring & Engagements Service para proponer franjas de entrevista según los calendarios.",5,EP13,"Escenario 1: Dado que ambas partes tienen calendario conectado y franjas comunes en los próximos 14 días, cuando se procesa la solicitud, entonces la API responde 201 Created con al menos tres franjas propuestas. | Escenario 2: Dado que no existen franjas comunes en los próximos 14 días, cuando se procesa la solicitud, entonces la API responde 409 Conflict indicando que se requiere disponibilidad manual. | Escenario 3: Dado que Google Calendar no responde, cuando se procesa la solicitud, entonces la API responde 202 Accepted con estado PENDING_AVAILABILITY y el sistema reintenta la consulta."
32,US62,Revocar el consentimiento del Agente IA,"Como estudiante, deseo revocar el mandato del Agente IA y solicitar la eliminación de los datos derivados para ejercer mis derechos sobre mis datos personales.",3,EP13,"Escenario 1: Dado que el estudiante revoca el mandato, cuando el sistema procesa la solicitud, entonces el agente se desactiva y se eliminan los CV adaptados no enviados y las representaciones vectoriales de su perfil. | Escenario 2: Dado que existen postulaciones ya enviadas, cuando se revoca el mandato, entonces el sistema las conserva e informa al estudiante que puede retirarlas individualmente."
33,US58,Editar o cerrar una oferta publicada,"Como empleador, deseo editar o cerrar mis ofertas publicadas para mantener actualizada la información y dejar de recibir postulaciones cuando cubro el puesto.",3,EP14,"Escenario 1: Dado que una oferta está publicada, cuando el empleador modifica sus datos, entonces el sistema registra la nueva versión y el Agente IA reevalúa la compatibilidad con ella. | Escenario 2: Dado que el empleador cierra una oferta, cuando el sistema procesa el cierre, entonces deja de aceptar postulaciones y descarta los borradores pendientes del Agente IA para esa oferta."
34,US03,Registrarse con correo y contraseña,"Como visitante, deseo registrarme con mi correo y una contraseña indicando si soy estudiante o empleador para acceder a las funcionalidades de mi rol.",3,EP02,"Escenario 1: Dado que el visitante proporciona un correo no registrado, una contraseña que cumple la política de seguridad y su rol, cuando solicita el registro, entonces el sistema crea la cuenta y envía un correo de verificación. | Escenario 2: Dado que el correo ya está registrado, cuando el visitante solicita el registro, entonces el sistema rechaza la solicitud e informa que existe una cuenta asociada. | Escenario 3: Dado que la contraseña no cumple la política de seguridad, cuando el visitante solicita el registro, entonces el sistema indica los requisitos que no se cumplen."
35,US04,Iniciar sesión como freelancer o cliente,"Como usuario registrado, deseo poder iniciar sesión para acceder a mi cuenta y funcionalidades específicas según mi rol.",5,EP02,"Escenario 1: Dado que un usuario proporciona credenciales válidas, cuando el sistema procesa el inicio de sesión, entonces habilita las funcionalidades según su rol. | Escenario 2: Dado que un usuario proporciona credenciales incorrectas, cuando intenta autenticarse, entonces el sistema rechaza el acceso."
36,SP01,Investigación de autenticación con Google,"Como equipo de desarrollo, deseo investigar cómo integrar Google OAuth 2.0 para permitir registro e inicio de sesión seguro.",2,EP02,"Escenario 1: Dado que se revisa la documentación, cuando se analizan los requisitos, entonces se documentan los pasos de integración. | Escenario 2: Dado que se desarrolla un prototipo, cuando se completa el flujo, entonces se valida que el token generado es seguro."
37,US05,Registrarse con cuenta de Google,"Como visitante, deseo registrarme con Google para agilizar el proceso de creación de cuenta.",2,EP02,"Escenario 1: Dado que un visitante elige registrarse con Google, cuando autoriza el uso de sus datos básicos, entonces el sistema crea su cuenta. | Escenario 2: Dado que una cuenta de Google ya está registrada, cuando intenta registrarse nuevamente, entonces el sistema notifica que ya existe una cuenta asociada."
38,SP02,Recuperación segura de contraseña,"Como equipo de desarrollo, deseo investigar mecanismos seguros de recuperación de contraseña mediante enlaces temporales para evitar el secuestro de cuentas.",2,EP02,"Escenario 1: Dado que se revisan buenas prácticas, cuando se analiza la documentación, entonces se define la estrategia recomendada. | Escenario 2: Dado que se genera un prototipo de envío de correo, cuando el usuario recibe el enlace, entonces este expira según configuración."
39,US06,Solicitar recuperación de contraseña,"Como usuario, deseo solicitar la recuperación de mi contraseña para volver a acceder si la olvido.",2,EP02,"Escenario 1: Dado que un usuario olvidó su contraseña, cuando proporciona un correo registrado, entonces el sistema genera un mecanismo seguro de recuperación. | Escenario 2: Dado que ingresa un correo no registrado, cuando solicita recuperar, entonces el sistema informa que no existe una cuenta asociada."
40,US07,Restablecer contraseña mediante enlace seguro,"Como usuario, deseo restablecer mi contraseña usando un enlace enviado a mi correo para recuperar el acceso a mi cuenta de forma segura.",2,EP02,"Escenario 1: Dado que un usuario recibe un enlace de restablecimiento vigente, cuando registra una contraseña que cumple la política, entonces el sistema actualiza la contraseña e invalida el enlace. | Escenario 2: Dado que el enlace ha expirado o ya fue utilizado, cuando el usuario intenta usarlo, entonces el sistema rechaza la operación e informa que debe solicitar uno nuevo."
41,SP06,Gestión de archivos y portafolio,"Como equipo de desarrollo, deseo investigar almacenamiento seguro de imágenes y archivos para portafolios multimedia.",2,EP04,"Escenario 1: Dado que se evalúan proveedores de nube, cuando se documentan costos y seguridad, entonces se elige la opción más viable. | Escenario 2: Dado que se construye un prototipo, cuando un usuario carga una imagen, entonces esta es accesible mediante una URL segura."
42,US18,Subir portafolio de proyectos,"Como freelancer, deseo subir muestras de trabajos anteriores para demostrar mi experiencia a los clientes.",5,EP04,"Escenario 1: Dado que un freelancer proporciona archivos o enlaces válidos, cuando el sistema valida el contenido, entonces lo almacena y muestra en su perfil. | Escenario 2: Dado que intenta subir un archivo no permitido, cuando el sistema valida el tipo, entonces rechaza la carga e informa el error."
43,US20,Publicar un servicio personalizado,"Como freelancer, deseo publicar un servicio con título, descripción y precio para ofrecerlo a potenciales clientes.",5,EP05,"Escenario 1: Dado que un freelancer completa los datos del servicio, cuando el sistema los valida, entonces registra la publicación. | Escenario 2: Dado que falta un campo obligatorio, cuando intenta guardar, entonces el sistema indica la información faltante."
44,US17,Establecer tarifas por servicio,"Como freelancer, deseo establecer mis tarifas por tipo de servicio para que los clientes conozcan mis precios.",3,EP05,"Escenario 1: Dado que un freelancer asigna una tarifa válida, cuando el sistema valida el valor ingresado, entonces registra el precio y lo muestra públicamente. | Escenario 2: Dado que el freelancer ingresa un valor fuera de rango, cuando intenta guardarlo, entonces el sistema rechaza la tarifa e informa el error."
45,US21,Establecer plazos de entrega,"Como freelancer, deseo definir el tiempo de entrega estimado para que el cliente tenga expectativas claras.",5,EP05,"Escenario 1: Dado que un freelancer define un plazo, cuando el sistema valida el valor, entonces lo registra y muestra públicamente. | Escenario 2: Dado que el plazo está registrado, cuando el servicio se consulta, entonces incluye los días estimados."
46,US24,Añadir imágenes o archivos al servicio,"Como freelancer, deseo subir imágenes o archivos a mis servicios para facilitar la comprensión del cliente.",3,EP05,"Escenario 1: Dado que un freelancer sube archivos permitidos, cuando el sistema valida el contenido, entonces los muestra asociados al servicio. | Escenario 2: Dado que sube múltiples imágenes, cuando el servicio se visualiza, entonces el sistema permite recorrerlas secuencialmente."
47,US22,Editar servicios publicados,"Como freelancer, deseo editar mis servicios publicados para corregir errores o actualizar precios.",5,EP05,"Escenario 1: Dado que un freelancer modifica la información de un servicio, cuando el sistema la valida, entonces actualiza la publicación. | Escenario 2: Dado que el servicio es editado, cuando un usuario lo consulta, entonces visualiza la versión actualizada."
48,US23,Pausar o eliminar servicios publicados,"Como freelancer, deseo pausar o eliminar mis servicios para dejar de recibir solicitudes cuando no tengo disponibilidad.",5,EP05,"Escenario 1: Dado que un freelancer decide pausar o eliminar un servicio, cuando el sistema procesa la acción, entonces lo retira de la vista pública. | Escenario 2: Dado que el servicio está pausado o eliminado, cuando el freelancer revisa su listado, entonces el sistema muestra su estado actual."
49,US19,Actualizar perfil freelance,"Como freelancer, deseo poder actualizar mi perfil cuando quiera para mantener mi información al día.",3,EP03,"Escenario 1: Dado que un freelancer modifica datos válidos, cuando el sistema los valida, entonces actualiza la información públicamente. | Escenario 2: Dado que el perfil es actualizado, cuando consulta su vista pública, entonces los cambios se muestran sin procesos adicionales."
50,SP03,Investigación de motores de búsqueda y filtros,"Como equipo de desarrollo, deseo investigar motores de búsqueda eficientes para mejorar la experiencia de encontrar freelancers.",2,EP06,"Escenario 1: Dado que se revisan alternativas, cuando se documentan pros y contras, entonces se incluye una recomendación técnica. | Escenario 2: Dado que se desarrolla un prototipo, cuando se ejecuta en un dataset, entonces se mide el tiempo de respuesta."
51,US25,Buscar freelancers por palabra clave,"Como cliente, deseo buscar freelancers usando palabras clave para encontrar rápidamente lo que necesito.",3,EP06,"Escenario 1: Dado que un cliente ingresa una palabra clave, cuando el sistema procesa la búsqueda, entonces muestra freelancers relacionados. | Escenario 2: Dado que ingresa múltiples palabras, cuando el sistema filtra, entonces muestra coincidencias con al menos una de ellas."
52,TS02,Endpoint de búsqueda del catálogo,"Como developer, deseo implementar el endpoint GET /api/v1/gigs con filtros de texto, habilidades, precio y ordenamiento para que los clientes exploren el catálogo.",3,EP06,"Escenario 1: Dado que existen servicios publicados que cumplen los filtros, cuando se procesa GET /api/v1/gigs?q=logo&minPrice=50&maxPrice=200, entonces la API responde 200 OK con la lista paginada y el total de resultados. | Escenario 2: Dado que ningún servicio cumple los filtros, cuando se procesa la solicitud, entonces la API responde 200 OK con una lista vacía y total 0. | Escenario 3: Dado que minPrice es mayor que maxPrice, cuando se procesa la solicitud, entonces la API responde 400 Bad Request."
53,US26,Filtrar freelancers por habilidad,"Como cliente, deseo filtrar freelancers según sus habilidades para encontrar al más apto para mi proyecto.",3,EP06,"Escenario 1: Dado que el cliente selecciona una habilidad, cuando el sistema filtra, entonces muestra solo freelancers que la tengan registrada. | Escenario 2: Dado que selecciona varias habilidades, cuando el sistema filtra, entonces muestra freelancers que cumplan con al menos una de ellas."
54,US29,Ordenar resultados de búsqueda,"Como cliente, deseo ordenar resultados por relevancia o calificación para comparar perfiles.",3,EP06,"Escenario 1: Dado que un cliente elige un criterio de ordenamiento, cuando el sistema procesa la solicitud, entonces reordena los resultados. | Escenario 2: Dado que cambia el criterio, cuando se muestran los resultados, entonces se mantienen los filtros aplicados."
55,US27,Filtrar por rango de precios,"Como cliente, deseo establecer un rango de precios para ver freelancers dentro de mi presupuesto.",5,EP06,"Escenario 1: Dado que el cliente define un rango, cuando el sistema filtra, entonces muestra freelancers dentro del presupuesto. | Escenario 2: Dado que no existen coincidencias, cuando el sistema completa el filtrado, entonces informa que no hay resultados."
56,US28,Filtrar freelancers por experiencia,"Como cliente, deseo filtrar freelancers según su nivel de experiencia para elegir al adecuado.",5,EP06,"Escenario 1: Dado que un cliente selecciona un nivel, cuando el sistema procesa el filtro, entonces muestra freelancers con dicho nivel. | Escenario 2: Dado que el freelancer tiene nivel registrado, cuando aparece en los resultados, entonces el sistema muestra su nivel en la tarjeta informativa."
57,SP07,Contratación directa y pagos,"Como equipo de desarrollo, deseo investigar opciones de integración de pagos para habilitar contrataciones directas.",2,EP08,"Escenario 1: Dado que se revisan APIs de pago, cuando se comparan, entonces se documentan dependencias y requisitos legales. | Escenario 2: Dado que se desarrolla un prototipo, cuando el cliente confirma, entonces se genera un registro de prueba."
58,US30,Contratar desde el perfil del freelancer,"Como cliente, deseo contratar a un freelancer directamente desde su perfil para ahorrar tiempo al iniciar una negociación.",5,EP08,"Escenario 1: Dado que un cliente consulta el perfil del freelancer, cuando envía una solicitud de contratación, entonces el sistema registra la solicitud. | Escenario 2: Dado que la contratación fue iniciada, cuando el sistema la procesa, entonces se registra en el historial del cliente."
59,US35,Gestionar solicitudes recibidas,"Como freelancer, deseo revisar y gestionar solicitudes de nuevos proyectos para aceptar las que se ajusten a mi disponibilidad.",3,EP08,"Escenario 1: Dado que el freelancer tiene solicitudes pendientes, cuando accede al panel, entonces el sistema muestra los detalles de cada solicitud. | Escenario 2: Dado que acepta o rechaza una solicitud, cuando el sistema procesa la acción, entonces actualiza su estado."
60,US32,Aceptar o rechazar solicitud de contrato,"Como freelancer, deseo aceptar o rechazar solicitudes de contratación para gestionar mi disponibilidad.",3,EP08,"Escenario 1: Dado que un freelancer recibe una solicitud, cuando consulta los detalles, entonces puede aceptarla o rechazarla. | Escenario 2: Dado que rechaza una solicitud, cuando registra la acción, entonces el sistema almacena el motivo si fue proporcionado."
61,US31,Confirmación de contratación exitosa,"Como cliente, deseo recibir una confirmación en la plataforma y por correo al contratar a un freelancer para tener constancia de los términos acordados.",3,EP08,"Escenario 1: Dado que la contratación es procesada, cuando el sistema finaliza el registro, entonces muestra una confirmación en pantalla. | Escenario 2: Dado que la contratación fue exitosa, cuando el sistema envía la notificación, entonces el cliente recibe un correo con los detalles."
62,TS12,Webhook de pagos,"Como developer, deseo implementar el endpoint POST /api/v1/payments/webhooks/mercado-pago para actualizar el estado de los pagos en custodia.",5,EP08,"Escenario 1: Dado que la notificación tiene una firma válida y el pago figura aprobado al consultarlo en Mercado Pago, cuando se procesa la notificación, entonces la API responde 200 OK y el pago queda en estado HELD_IN_ESCROW. | Escenario 2: Dado que la firma de la notificación es inválida, cuando se procesa la solicitud, entonces la API responde 401 Unauthorized y no modifica ningún pago."
63,US34,Visualizar proyectos activos,"Como freelancer, deseo ver una lista de mis proyectos activos para organizar mi trabajo.",5,EP09,"Escenario 1: Dado que existen proyectos activos, cuando el freelancer accede al listado, entonces el sistema muestra los proyectos con su información relevante. | Escenario 2: Dado que existen múltiples proyectos, cuando el freelancer solicita ordenarlos, entonces el sistema permite ordenarlos por criterios definidos."
64,US37,Ver estado del proyecto,"Como cliente, deseo ver el estado de mis proyectos en curso para saber si están en espera, en proceso o finalizados.",5,EP09,"Escenario 1: Dado que el cliente consulta sus proyectos, cuando accede al listado, entonces el sistema muestra su estado actual. | Escenario 2: Dado que un proyecto cambia de estado, cuando el cliente consulta su historial, entonces el sistema muestra los cambios registrados."
65,US36,Marcar proyecto como finalizado,"Como freelancer, deseo marcar un proyecto como finalizado para indicar que mi trabajo fue completado.",3,EP09,"Escenario 1: Dado que un freelancer concluye un proyecto, cuando lo marca como finalizado, entonces el sistema actualiza su estado. | Escenario 2: Dado que un proyecto está finalizado, cuando el cliente lo consulta, entonces visualiza su estado actualizado."
66,US33,Ver historial de contrataciones,"Como cliente, deseo ver un historial de mis contrataciones para tener un registro de mis actividades.",2,EP08,"Escenario 1: Dado que el cliente ha realizado contrataciones, cuando accede al historial, entonces el sistema muestra la lista con fechas y estados. | Escenario 2: Dado que selecciona una contratación, cuando solicita más información, entonces el sistema muestra los detalles."
67,SP08,Sistema de calificaciones y opiniones,"Como equipo de desarrollo, deseo investigar formas seguras de almacenar calificaciones evitando fraudes para sustentar la confianza en la reputación pública.",2,EP07,"Escenario 1: Dado que se diseña un esquema de BD, cuando se prueba, entonces soporta calificaciones con comentarios vinculados a proyectos finalizados. | Escenario 2: Dado que se documentan riesgos, cuando se presenta el informe, entonces se incluyen medidas de mitigación."
68,US38,Calificar al freelancer,"Como cliente, deseo calificar al freelancer al finalizar un proyecto para compartir mi experiencia.",3,EP07,"Escenario 1: Dado que un proyecto finalizó, cuando el cliente registra una calificación con comentario, entonces el sistema guarda la reseña. | Escenario 2: Dado que ya calificó, cuando consulta el proyecto, entonces visualiza la calificación registrada."
69,TS10,Endpoint de reseñas,"Como developer, deseo implementar el endpoint POST /api/v1/engagements/{engagementId}/reviews para registrar reseñas al finalizar un proyecto.",3,EP07,"Escenario 1: Dado que el engagement está completado y el usuario participó en él, cuando envía una calificación de 1 a 5 con comentario, entonces la API responde 201 Created y publica ReviewSubmitted. | Escenario 2: Dado que el engagement no está completado, cuando se procesa la solicitud, entonces la API responde 409 Conflict. | Escenario 3: Dado que el usuario ya registró una reseña para ese engagement, cuando se procesa la solicitud, entonces la API responde 409 Conflict."
70,US39,Ver calificaciones del freelancer,"Como cliente, deseo ver las calificaciones que otros usuarios han dejado a un freelancer para decidir con información si lo contrato.",5,EP07,"Escenario 1: Dado que un cliente visita un perfil, cuando consulta la sección de calificaciones, entonces visualiza el promedio y comentarios existentes. | Escenario 2: Dado que un comentario tiene más contenido, cuando el cliente solicita verlo completo, entonces el sistema muestra la versión extendida."
71,US41,Calificar al cliente,"Como freelancer, deseo calificar al cliente luego de terminar un proyecto para informar a otros freelancers sobre su comportamiento.",5,EP07,"Escenario 1: Dado que un proyecto terminó, cuando el freelancer registra una calificación y comentario, entonces el sistema guarda la reseña. | Escenario 2: Dado que la calificación fue registrada, cuando el freelancer revisa su historial, entonces visualiza que ya calificó ese proyecto."
72,US40,Editar calificación después de un proyecto,"Como cliente, deseo editar una calificación que registré para que refleje con precisión mi experiencia final con el freelancer.",5,EP07,"Escenario 1: Dado que el cliente escribió una reseña, cuando solicita editarla, entonces el sistema permite cambiar puntuación y comentario. | Escenario 2: Dado que la reseña es modificada, cuando otros usuarios la visualizan, entonces el sistema muestra que fue editada y registra la fecha."
73,SP04,Investigación de mensajería en tiempo real,"Como equipo de desarrollo, deseo investigar opciones para implementar mensajería en tiempo real.",2,EP11,"Escenario 1: Dado que se revisan tecnologías, cuando se comparan, entonces el informe incluye la mejor opción. | Escenario 2: Dado que se crea un prototipo básico, cuando dos usuarios intercambian mensajes, entonces estos se reciben sin refrescar la página."
74,US42,Enviar mensaje a usuario desde perfil,"Como usuario, deseo enviar un mensaje a otro usuario desde su perfil para coordinar detalles.",3,EP11,"Escenario 1: Dado que un usuario accede al perfil de otro, cuando inicia una conversación, entonces el sistema crea el canal de mensajería. | Escenario 2: Dado que se recibe un mensaje, cuando el sistema registra la llegada, entonces notifica dentro de la plataforma."
75,TS11,Endpoint de mensajes,"Como developer, deseo implementar el endpoint POST /api/v1/conversations/{conversationId}/messages del Communications Service para el intercambio de mensajes.",3,EP11,"Escenario 1: Dado que el remitente participa en la conversación, cuando envía un mensaje, entonces la API responde 201 Created y notifica al destinatario en tiempo real. | Escenario 2: Dado que el destinatario bloqueó al remitente, cuando se procesa la solicitud, entonces la API responde 403 Forbidden."
76,US44,Recibir notificación de nuevo mensaje,"Como usuario, deseo recibir una notificación cuando me envíen un nuevo mensaje para no perder comunicación importante.",1,EP11,"Escenario 1: Dado que se recibe un mensaje, cuando el sistema lo registra, entonces genera una notificación visible. | Escenario 2: Dado que el usuario está dentro del chat, cuando se envía un mensaje nuevo, entonces aparece automáticamente sin recargar."
77,US43,Ver historial de conversaciones,"Como usuario, deseo ver mi historial de conversaciones previas para recordar acuerdos importantes.",2,EP11,"Escenario 1: Dado que el usuario tiene conversaciones previas, cuando accede a la sección de mensajes, entonces el sistema muestra la lista de chats recientes. | Escenario 2: Dado que revisa un chat antiguo, cuando navega hacia arriba, entonces el sistema carga el historial completo."
78,US45,Bloquear o reportar usuario desde el chat,"Como usuario, deseo bloquear o reportar a otra persona para protegerme de mensajes inapropiados o spam.",2,EP12,"Escenario 1: Dado que un usuario reporta a otro, cuando especifica un motivo válido, entonces el sistema registra el reporte. | Escenario 2: Dado que un usuario bloquea a otro, cuando el sistema procesa la acción, entonces impide futuras interacciones."
79,US14,Enviar un ticket de soporte,"Como usuario, deseo enviar un mensaje de soporte si no encuentro mi duda en la FAQ para recibir asistencia personalizada.",3,EP12,"Escenario 1: Dado que un usuario no encuentra solución, cuando proporciona la información necesaria, entonces el sistema registra el ticket. | Escenario 2: Dado que los datos están incompletos, cuando intenta registrar el ticket, entonces el sistema rechaza el envío e informa los campos faltantes."
80,US13,Buscar información dentro de preguntas frecuentes,"Como usuario, deseo buscar palabras clave en la sección de FAQ para encontrar respuestas más rápido.",3,EP01,"Escenario 1: Dado que un usuario busca información, cuando ingresa una palabra clave, entonces el sistema muestra las preguntas relacionadas. | Escenario 2: Dado que la búsqueda no tiene coincidencias, cuando el sistema procesa el término, entonces informa que no se encontraron resultados."
81,SP05,Investigación para cálculo inteligente de precios,"Como equipo de desarrollo, deseo investigar modelos para sugerir precios justos evaluando variables y reglas.",2,EP10,"Escenario 1: Dado que se analizan variables, cuando se desarrolla un prototipo, entonces devuelve un precio sugerido. | Escenario 2: Dado que se documenta la investigación, cuando se presentan resultados, entonces se incluye complejidad y enfoque recomendado."
82,US46,Recibir sugerencia automática de precio,"Como freelancer, deseo recibir una sugerencia automática de precio basada en las variables del servicio para cotizar de forma consistente con el mercado.",8,EP10,"Escenario 1: Dado que el usuario especifica tipo de servicio y nivel de experiencia, cuando el sistema procesa los datos, entonces genera una sugerencia automática. | Escenario 2: Dado que el usuario cambia parámetros, cuando el sistema recalcula, entonces actualiza la sugerencia."
83,US47,Ajustar manualmente el precio sugerido,"Como freelancer, deseo modificar manualmente el precio sugerido para adaptarlo a mis condiciones.",5,EP10,"Escenario 1: Dado que existe una sugerencia, cuando el usuario ingresa un nuevo valor, entonces el sistema lo registra sin afectar la lógica base. | Escenario 2: Dado que el usuario ya modificó el precio, cuando consulta nuevamente la sección, entonces el sistema muestra el valor manual ingresado."
84,US48,Ver detalle del cálculo del precio,"Como freelancer, deseo ver una explicación breve de cómo se calculó el precio sugerido para entenderlo y justificarlo ante el cliente.",5,EP10,"Escenario 1: Dado que existe una sugerencia, cuando el usuario solicita ver detalles, entonces el sistema muestra los factores utilizados. | Escenario 2: Dado que se muestran factores, cuando el usuario solicita más información de uno, entonces el sistema explica su influencia."
85,US49,Comparar propuesta y oferta,"Como usuario, deseo comparar mi propuesta y la oferta de la otra parte para facilitar un acuerdo.",3,EP10,"Escenario 1: Dado que ambas partes ingresan valores, cuando el usuario solicita compararlos, entonces el sistema muestra una tabla comparativa. | Escenario 2: Dado que hay diferencia significativa, cuando el sistema analiza los datos, entonces sugiere continuar negociación o ajustar valores."
86,US50,Consultar historial de precios similares,"Como usuario, deseo ver precios históricos de servicios similares para tomar decisiones informadas.",2,EP10,"Escenario 1: Dado que existen datos históricos, cuando el usuario solicita verlos, entonces el sistema muestra un listado o gráfico. | Escenario 2: Dado que el usuario cambia de categoría, cuando el sistema actualiza los datos, entonces muestra información correspondiente a la nueva categoría."
